{"cameraMode":{"drawMode":0,"name":"Shaded","section":"Shading Mode"},"sceneLighting":true,"audioPlay":false,"sceneViewState":{"m_AlwaysRefresh":false,"showFog":true,"showSkybox":true,"showFlares":true,"showImageEffects":true,"showParticleSystems":true,"showVisualEffectGraphs":true,"m_FxEnabled":true},"in2DMode":false,"pivot":{"x":-2.5702524185180666,"y":-19.296531677246095,"z":0.40165138244628909},"rotation":{"x":0.6794108748435974,"y":0.03297927975654602,"z":-0.030594145879149438,"w":0.7323780655860901},"size":25.664657592773439,"orthographic":false}