{"cameraMode":{"drawMode":0,"name":"Shaded","section":"Shading Mode"},"sceneLighting":true,"audioPlay":false,"sceneViewState":{"m_AlwaysRefresh":false,"showFog":true,"showSkybox":true,"showFlares":true,"showImageEffects":true,"showParticleSystems":true,"showVisualEffectGraphs":true,"m_FxEnabled":true},"in2DMode":false,"pivot":{"x":2.2403805255889894,"y":4.09151029586792,"z":5.430606842041016},"rotation":{"x":-0.04086504504084587,"y":0.10471935570240021,"z":0.0043054381385445599,"w":0.993659496307373},"size":7.402115345001221,"orthographic":false}